chr,pos,ref,alt,l1,l2,l3,l4,l5,l6,l7,l8,l9,l10,l11,l12,l13,l14,l15,l16,l17,l18,l19,l20,l1_a1,l1_a2,l2_a1,l2_a2,l3_a1,l3_a2,l4_a1,l4_a2,l5_a1,l5_a2,l6_a1,l6_a2,l7_a1,l7_a2,l8_a1,l8_a2,l9_a1,l9_a2,l10_a1,l10_a2,l11_a1,l11_a2,l12_a1,l12_a2,l13_a1,l13_a2,l14_a1,l14_a2,l15_a1,l15_a2,l16_a1,l16_a2,l17_a1,l17_a2,l18_a1,l18_a2,l19_a1,l19_a2,l20_a1,l20_a2,p,p1,p2,theta_p1,theta_p2,fst
D12649.1,11,T,A,0/1,0/1,0/1,0/1,0/1,0/1,0/1,0/1,0/1,0/1,0/0,0/1,0/1,0/1,0/1,0/1,0/1,0/1,0/1,0/1,0,1,0,1,0,1,0,1,0,1,0,1,0,1,0,1,0,1,0,1,0,0,0,1,0,1,0,1,0,1,0,1,0,1,0,1,0,1,0,1,0.475,0.44,0.533333333333333,0.518736842105263,0.523976608187134,0.00927875243664717
D12649.1,66,C,T,0/0,0/0,0/0,0/0,0/0,0/0,0/0,0/0,0/0,0/0,0/1,0/0,0/0,0/0,0/0,0/0,0/0,0/0,0/0,0/0,0,0,0,0,0,0,0,0,0,0,0,0,0,0,0,0,0,0,0,0,0,1,0,0,0,0,0,0,0,0,0,0,0,0,0,0,0,0,0,0,0.025,0.04,0,0.0808421052631579,0,0.0174358974358974
D12649.1,70,A,C,0/0,0/0,0/0,0/0,0/0,0/0,0/0,0/0,0/0,0/0,1/1,0/0,0/0,0/0,0/0,0/0,0/0,0/0,0/0,0/0,0,0,0,0,0,0,0,0,0,0,0,0,0,0,0,0,0,0,0,0,1,1,0,0,0,0,0,0,0,0,0,0,0,0,0,0,0,0,0,0,0.05,0.08,0,0.154947368421053,0,0.0357894736842105
D12649.1,229,G,T,0/1,0/1,0/1,0/1,0/1,0/1,0/1,0/1,0/1,0/1,0/0,0/1,0/1,0/1,0/1,0/1,0/1,0/1,0/1,0/1,0,1,0,1,0,1,0,1,0,1,0,1,0,1,0,1,0,1,0,1,0,0,0,1,0,1,0,1,0,1,0,1,0,1,0,1,0,1,0,1,0.475,0.44,0.533333333333333,0.518736842105263,0.523976608187134,0.00927875243664717
D12649.1,253,G,A,0/1,0/1,0/1,0/1,0/1,0/1,0/1,0/1,0/1,0/1,0/0,0/1,0/1,0/1,0/1,0/1,0/1,0/1,0/1,0/1,0,1,0,1,0,1,0,1,0,1,0,1,0,1,0,1,0,1,0,1,0,0,0,1,0,1,0,1,0,1,0,1,0,1,0,1,0,1,0,1,0.475,0.44,0.533333333333333,0.518736842105263,0.523976608187134,0.00927875243664717
D12649.1,259,C,G,0/1,0/1,0/1,0/1,0/1,0/1,0/1,0/1,0/1,0/1,0/0,0/1,0/1,0/1,0/1,0/1,0/1,0/1,0/1,0/1,0,1,0,1,0,1,0,1,0,1,0,1,0,1,0,1,0,1,0,1,0,0,0,1,0,1,0,1,0,1,0,1,0,1,0,1,0,1,0,1,0.475,0.44,0.533333333333333,0.518736842105263,0.523976608187134,0.00927875243664717
D12649.1,344,T,C,0/1,0/1,0/1,0/1,0/1,0/1,0/1,0/1,0/1,0/1,0/0,0/1,0/1,0/1,0/1,0/1,0/1,0/1,0/1,0/1,0,1,0,1,0,1,0,1,0,1,0,1,0,1,0,1,0,1,0,1,0,0,0,1,0,1,0,1,0,1,0,1,0,1,0,1,0,1,0,1,0.475,0.44,0.533333333333333,0.518736842105263,0.523976608187134,0.00927875243664717
D12649.1,470,G,C,0/1,0/1,0/1,0/1,0/1,0/1,0/1,0/1,0/1,0/1,0/0,0/1,0/1,0/1,0/1,0/1,0/1,0/1,0/1,0/1,0,1,0,1,0,1,0,1,0,1,0,1,0,1,0,1,0,1,0,1,0,0,0,1,0,1,0,1,0,1,0,1,0,1,0,1,0,1,0,1,0.475,0.44,0.533333333333333,0.518736842105263,0.523976608187134,0.00927875243664717
D12649.1,493,G,A,1/1,1/1,1/1,1/1,1/1,1/1,1/1,1/1,1/1,1/1,0/0,1/1,1/1,1/1,1/1,1/1,1/1,1/1,1/1,1/1,1,1,1,1,1,1,1,1,1,1,1,1,1,1,1,1,1,1,1,1,0,0,1,1,1,1,1,1,1,1,1,1,1,1,1,1,1,1,1,1,0.95,0.92,1,0.154947368421053,0,0.0357894736842105
D12649.1,511,G,T,1/1,1/1,1/1,1/1,1/1,1/1,1/1,1/1,1/1,1/1,0/0,1/1,1/1,1/1,1/1,1/1,1/1,1/1,1/1,1/1,1,1,1,1,1,1,1,1,1,1,1,1,1,1,1,1,1,1,1,1,0,0,1,1,1,1,1,1,1,1,1,1,1,1,1,1,1,1,1,1,0.95,0.92,1,0.154947368421053,0,0.0357894736842105
D12649.1,521,T,A,0/0,0/0,0/0,0/0,0/0,0/0,0/0,0/0,0/0,0/0,0/1,0/0,0/0,0/0,0/0,0/0,0/0,0/0,0/0,0/0,0,0,0,0,0,0,0,0,0,0,0,0,0,0,0,0,0,0,0,0,0,1,0,0,0,0,0,0,0,0,0,0,0,0,0,0,0,0,0,0,0.025,0.04,0,0.0808421052631579,0,0.0174358974358974
D12649.1,571,G,A,0/0,0/0,0/0,0/0,0/0,0/0,0/0,0/0,0/0,0/0,0/1,0/0,0/0,0/0,0/0,0/0,0/0,0/0,0/0,0/0,0,0,0,0,0,0,0,0,0,0,0,0,0,0,0,0,0,0,0,0,0,1,0,0,0,0,0,0,0,0,0,0,0,0,0,0,0,0,0,0,0.025,0.04,0,0.0808421052631579,0,0.0174358974358974
D12649.1,701,A,T,0/0,0/0,0/0,0/0,0/0,0/0,0/0,0/0,0/0,0/0,0/1,0/0,0/0,0/0,0/0,0/0,0/0,0/0,0/0,0/0,0,0,0,0,0,0,0,0,0,0,0,0,0,0,0,0,0,0,0,0,0,1,0,0,0,0,0,0,0,0,0,0,0,0,0,0,0,0,0,0,0.025,0.04,0,0.0808421052631579,0,0.0174358974358974
D12649.1,706,G,C,0/0,0/0,0/0,0/0,0/0,0/0,0/0,0/0,0/0,0/0,1/1,0/0,0/0,0/0,0/0,0/0,0/0,0/0,0/0,0/0,0,0,0,0,0,0,0,0,0,0,0,0,0,0,0,0,0,0,0,0,1,1,0,0,0,0,0,0,0,0,0,0,0,0,0,0,0,0,0,0,0.05,0.08,0,0.154947368421053,0,0.0357894736842105
D12649.1,720,T,C,0/1,0/1,0/1,0/1,0/1,0/1,0/1,0/1,0/1,0/1,0/0,0/1,0/1,0/1,0/1,0/1,0/1,0/1,0/1,0/1,0,1,0,1,0,1,0,1,0,1,0,1,0,1,0,1,0,1,0,1,0,0,0,1,0,1,0,1,0,1,0,1,0,1,0,1,0,1,0,1,0.475,0.44,0.533333333333333,0.518736842105263,0.523976608187134,0.00927875243664717
D12649.1,725,A,G,0/0,0/0,0/0,0/0,0/0,0/0,0/0,0/0,0/0,0/0,0/1,0/0,0/0,0/0,0/0,0/0,0/0,0/0,0/0,0/0,0,0,0,0,0,0,0,0,0,0,0,0,0,0,0,0,0,0,0,0,0,1,0,0,0,0,0,0,0,0,0,0,0,0,0,0,0,0,0,0,0.025,0.04,0,0.0808421052631579,0,0.0174358974358974
D12649.1,760,A,G,1/1,1/1,1/1,1/1,1/1,1/1,1/1,1/1,1/1,1/1,0/0,1/1,1/1,1/1,1/1,1/1,1/1,1/1,1/1,1/1,1,1,1,1,1,1,1,1,1,1,1,1,1,1,1,1,1,1,1,1,0,0,1,1,1,1,1,1,1,1,1,1,1,1,1,1,1,1,1,1,0.95,0.92,1,0.154947368421053,0,0.0357894736842105
D12649.1,779,C,A,0/1,0/1,0/1,0/1,0/1,0/1,0/1,0/1,0/1,0/1,0/0,0/1,0/1,0/1,0/1,0/1,0/1,0/1,0/1,0/1,0,1,0,1,0,1,0,1,0,1,0,1,0,1,0,1,0,1,0,1,0,0,0,1,0,1,0,1,0,1,0,1,0,1,0,1,0,1,0,1,0.475,0.44,0.533333333333333,0.518736842105263,0.523976608187134,0.00927875243664717
D12649.1,782,G,T,1/1,1/1,1/1,1/1,1/1,1/1,1/1,1/1,1/1,1/1,0/0,1/1,1/1,1/1,1/1,1/1,1/1,1/1,1/1,1/1,1,1,1,1,1,1,1,1,1,1,1,1,1,1,1,1,1,1,1,1,0,0,1,1,1,1,1,1,1,1,1,1,1,1,1,1,1,1,1,1,0.95,0.92,1,0.154947368421053,0,0.0357894736842105
D12649.1,812,T,A,1/1,1/1,1/1,1/1,1/1,1/1,1/1,1/1,1/1,1/1,0/0,1/1,1/1,1/1,1/1,1/1,1/1,1/1,1/1,1/1,1,1,1,1,1,1,1,1,1,1,1,1,1,1,1,1,1,1,1,1,0,0,1,1,1,1,1,1,1,1,1,1,1,1,1,1,1,1,1,1,0.95,0.92,1,0.154947368421053,0,0.0357894736842105
D12649.1,948,C,A,0/0,0/0,0/0,0/0,0/0,0/0,0/0,0/0,0/0,0/0,1/1,0/0,0/0,0/0,0/0,0/0,0/0,0/0,0/0,0/0,0,0,0,0,0,0,0,0,0,0,0,0,0,0,0,0,0,0,0,0,1,1,0,0,0,0,0,0,0,0,0,0,0,0,0,0,0,0,0,0,0.05,0.08,0,0.154947368421053,0,0.0357894736842105
D12649.1,1015,A,C,0/0,0/0,0/0,0/0,0/0,0/0,0/0,0/0,0/0,0/0,1/1,0/0,0/0,0/0,0/0,0/0,0/0,0/0,0/0,0/0,0,0,0,0,0,0,0,0,0,0,0,0,0,0,0,0,0,0,0,0,1,1,0,0,0,0,0,0,0,0,0,0,0,0,0,0,0,0,0,0,0.05,0.08,0,0.154947368421053,0,0.0357894736842105
D12649.1,1048,A,T,0/0,0/0,0/0,0/0,0/0,0/0,0/0,0/0,0/0,0/0,0/1,0/0,0/0,0/0,0/0,0/0,0/0,0/0,0/0,0/0,0,0,0,0,0,0,0,0,0,0,0,0,0,0,0,0,0,0,0,0,0,1,0,0,0,0,0,0,0,0,0,0,0,0,0,0,0,0,0,0,0.025,0.04,0,0.0808421052631579,0,0.0174358974358974
D12649.1,1056,T,C,0/1,0/1,0/1,0/1,0/1,0/1,0/1,0/1,0/1,0/1,0/0,0/1,0/1,0/1,0/1,0/1,0/1,0/1,0/1,0/1,0,1,0,1,0,1,0,1,0,1,0,1,0,1,0,1,0,1,0,1,0,0,0,1,0,1,0,1,0,1,0,1,0,1,0,1,0,1,0,1,0.475,0.44,0.533333333333333,0.518736842105263,0.523976608187134,0.00927875243664717
D12649.1,1102,G,C,0/1,0/1,0/1,0/1,0/1,0/1,0/1,0/1,0/1,0/1,0/0,0/1,0/1,0/1,0/1,0/1,0/1,0/1,0/1,0/1,0,1,0,1,0,1,0,1,0,1,0,1,0,1,0,1,0,1,0,1,0,0,0,1,0,1,0,1,0,1,0,1,0,1,0,1,0,1,0,1,0.475,0.44,0.533333333333333,0.518736842105263,0.523976608187134,0.00927875243664717
D12649.1,1386,A,G,0/0,0/0,0/0,0/0,0/0,0/0,0/0,0/0,0/0,0/0,0/1,0/0,0/0,0/0,0/0,0/0,0/0,0/0,0/0,0/0,0,0,0,0,0,0,0,0,0,0,0,0,0,0,0,0,0,0,0,0,0,1,0,0,0,0,0,0,0,0,0,0,0,0,0,0,0,0,0,0,0.025,0.04,0,0.0808421052631579,0,0.0174358974358974
D12649.1,1419,A,T,0/0,0/0,0/0,0/0,0/0,0/0,0/0,0/0,0/0,0/0,0/1,0/0,0/0,0/0,0/0,0/0,0/0,0/0,0/0,0/0,0,0,0,0,0,0,0,0,0,0,0,0,0,0,0,0,0,0,0,0,0,1,0,0,0,0,0,0,0,0,0,0,0,0,0,0,0,0,0,0,0.025,0.04,0,0.0808421052631579,0,0.0174358974358974
D12649.1,1421,C,A,0/0,0/0,0/0,0/0,0/0,0/0,0/0,0/0,0/0,0/0,1/1,0/0,0/0,0/0,0/0,0/0,0/0,0/0,0/0,0/0,0,0,0,0,0,0,0,0,0,0,0,0,0,0,0,0,0,0,0,0,1,1,0,0,0,0,0,0,0,0,0,0,0,0,0,0,0,0,0,0,0.05,0.08,0,0.154947368421053,0,0.0357894736842105
D12649.1,1427,T,G,0/0,0/0,0/0,0/0,0/0,0/0,0/0,0/0,0/0,0/0,0/1,0/0,0/0,0/0,0/0,0/0,0/0,0/0,0/0,0/0,0,0,0,0,0,0,0,0,0,0,0,0,0,0,0,0,0,0,0,0,0,1,0,0,0,0,0,0,0,0,0,0,0,0,0,0,0,0,0,0,0.025,0.04,0,0.0808421052631579,0,0.0174358974358974
D12649.1,1457,A,C,0/0,0/0,0/0,0/0,0/0,0/0,0/0,0/0,0/0,0/0,0/1,0/0,0/0,0/0,0/0,0/0,0/0,0/0,0/0,0/0,0,0,0,0,0,0,0,0,0,0,0,0,0,0,0,0,0,0,0,0,0,1,0,0,0,0,0,0,0,0,0,0,0,0,0,0,0,0,0,0,0.025,0.04,0,0.0808421052631579,0,0.0174358974358974
D12649.1,1481,T,C,1/1,1/1,1/1,1/1,1/1,1/1,1/1,1/1,1/1,1/1,0/0,1/1,1/1,1/1,1/1,1/1,1/1,1/1,1/1,1/1,1,1,1,1,1,1,1,1,1,1,1,1,1,1,1,1,1,1,1,1,0,0,1,1,1,1,1,1,1,1,1,1,1,1,1,1,1,1,1,1,0.95,0.92,1,0.154947368421053,0,0.0357894736842105
D12649.1,1483,G,C,1/1,1/1,1/1,1/1,1/1,1/1,1/1,1/1,1/1,1/1,0/0,1/1,1/1,1/1,1/1,1/1,1/1,1/1,1/1,1/1,1,1,1,1,1,1,1,1,1,1,1,1,1,1,1,1,1,1,1,1,0,0,1,1,1,1,1,1,1,1,1,1,1,1,1,1,1,1,1,1,0.95,0.92,1,0.154947368421053,0,0.0357894736842105
D12649.1,1606,G,C,0/0,0/0,0/0,0/0,0/0,0/0,0/0,0/0,0/0,0/0,0/1,0/0,0/0,0/0,0/0,0/0,0/0,0/0,0/0,0/0,0,0,0,0,0,0,0,0,0,0,0,0,0,0,0,0,0,0,0,0,0,1,0,0,0,0,0,0,0,0,0,0,0,0,0,0,0,0,0,0,0.025,0.04,0,0.0808421052631579,0,0.0174358974358974
D12649.1,1651,C,T,0/0,0/0,0/0,0/0,0/0,0/0,0/0,0/0,0/0,0/0,0/1,0/0,0/0,0/0,0/0,0/0,0/0,0/0,0/0,0/0,0,0,0,0,0,0,0,0,0,0,0,0,0,0,0,0,0,0,0,0,0,1,0,0,0,0,0,0,0,0,0,0,0,0,0,0,0,0,0,0,0.025,0.04,0,0.0808421052631579,0,0.0174358974358974
D12649.1,1706,A,C,0/0,0/0,0/0,0/0,0/0,0/0,0/0,0/0,0/0,0/0,0/1,0/0,0/0,0/0,0/0,0/0,0/0,0/0,0/0,0/0,0,0,0,0,0,0,0,0,0,0,0,0,0,0,0,0,0,0,0,0,0,1,0,0,0,0,0,0,0,0,0,0,0,0,0,0,0,0,0,0,0.025,0.04,0,0.0808421052631579,0,0.0174358974358974
D12649.1,1718,T,C,0/0,0/0,0/0,0/0,0/0,0/0,0/0,0/0,0/0,0/0,1/1,0/0,0/0,0/0,0/0,0/0,0/0,0/0,0/0,0/0,0,0,0,0,0,0,0,0,0,0,0,0,0,0,0,0,0,0,0,0,1,1,0,0,0,0,0,0,0,0,0,0,0,0,0,0,0,0,0,0,0.05,0.08,0,0.154947368421053,0,0.0357894736842105
D12649.1,1743,A,T,0/0,0/0,0/0,0/0,0/0,0/0,0/0,0/0,0/0,0/0,0/1,0/0,0/0,0/0,0/0,0/0,0/0,0/0,0/0,0/0,0,0,0,0,0,0,0,0,0,0,0,0,0,0,0,0,0,0,0,0,0,1,0,0,0,0,0,0,0,0,0,0,0,0,0,0,0,0,0,0,0.025,0.04,0,0.0808421052631579,0,0.0174358974358974
D12649.1,1764,A,T,0/0,0/0,0/0,0/0,0/0,0/0,0/0,0/0,0/0,0/0,1/1,0/0,0/0,0/0,0/0,0/0,0/0,0/0,0/0,0/0,0,0,0,0,0,0,0,0,0,0,0,0,0,0,0,0,0,0,0,0,1,1,0,0,0,0,0,0,0,0,0,0,0,0,0,0,0,0,0,0,0.05,0.08,0,0.154947368421053,0,0.0357894736842105
D12649.1,1773,G,A,1/1,1/1,1/1,1/1,1/1,1/1,1/1,1/1,1/1,1/1,0/0,1/1,1/1,1/1,1/1,1/1,1/1,1/1,1/1,1/1,1,1,1,1,1,1,1,1,1,1,1,1,1,1,1,1,1,1,1,1,0,0,1,1,1,1,1,1,1,1,1,1,1,1,1,1,1,1,1,1,0.95,0.92,1,0.154947368421053,0,0.0357894736842105
D12649.1,1844,A,G,0/1,0/1,0/1,0/1,0/1,0/1,0/1,0/1,0/1,0/1,0/0,0/1,0/1,0/1,0/1,0/1,0/1,0/1,0/1,0/1,0,1,0,1,0,1,0,1,0,1,0,1,0,1,0,1,0,1,0,1,0,0,0,1,0,1,0,1,0,1,0,1,0,1,0,1,0,1,0,1,0.475,0.44,0.533333333333333,0.518736842105263,0.523976608187134,0.00927875243664717
D12649.1,1900,G,T,0/1,0/1,0/1,0/1,0/1,0/1,0/1,0/1,0/1,0/1,0/0,0/1,0/1,0/1,0/1,0/1,0/1,0/1,0/1,0/1,0,1,0,1,0,1,0,1,0,1,0,1,0,1,0,1,0,1,0,1,0,0,0,1,0,1,0,1,0,1,0,1,0,1,0,1,0,1,0,1,0.475,0.44,0.533333333333333,0.518736842105263,0.523976608187134,0.00927875243664717
D12649.1,2119,A,G,0/1,0/1,0/1,0/1,0/1,0/1,0/1,0/1,0/1,0/1,0/0,0/1,0/1,0/1,0/1,0/1,0/1,0/1,0/1,0/1,0,1,0,1,0,1,0,1,0,1,0,1,0,1,0,1,0,1,0,1,0,0,0,1,0,1,0,1,0,1,0,1,0,1,0,1,0,1,0,1,0.475,0.44,0.533333333333333,0.518736842105263,0.523976608187134,0.00927875243664717
D12649.1,2323,A,C,0/1,0/1,0/1,0/1,0/1,0/1,0/1,0/1,0/1,0/1,0/0,0/1,0/1,0/1,0/1,0/1,0/1,0/1,0/1,0/1,0,1,0,1,0,1,0,1,0,1,0,1,0,1,0,1,0,1,0,1,0,0,0,1,0,1,0,1,0,1,0,1,0,1,0,1,0,1,0,1,0.475,0.44,0.533333333333333,0.518736842105263,0.523976608187134,0.00927875243664717
D12649.1,2400,A,C,0/0,0/0,0/0,0/0,0/0,0/0,0/0,0/0,0/0,0/0,0/1,0/0,0/0,0/0,0/0,0/0,0/0,0/0,0/0,0/0,0,0,0,0,0,0,0,0,0,0,0,0,0,0,0,0,0,0,0,0,0,1,0,0,0,0,0,0,0,0,0,0,0,0,0,0,0,0,0,0,0.025,0.04,0,0.0808421052631579,0,0.0174358974358974
D12649.1,2401,A,G,0/0,0/0,0/0,0/0,0/0,0/0,0/0,0/0,0/0,0/0,0/1,0/0,0/0,0/0,0/0,0/0,0/0,0/0,0/0,0/0,0,0,0,0,0,0,0,0,0,0,0,0,0,0,0,0,0,0,0,0,0,1,0,0,0,0,0,0,0,0,0,0,0,0,0,0,0,0,0,0,0.025,0.04,0,0.0808421052631579,0,0.0174358974358974
D12649.1,2467,C,T,0/1,0/1,0/1,0/1,0/1,0/1,0/1,0/1,0/1,0/1,0/0,0/1,0/1,0/1,0/1,0/1,0/1,0/1,0/1,0/1,0,1,0,1,0,1,0,1,0,1,0,1,0,1,0,1,0,1,0,1,0,0,0,1,0,1,0,1,0,1,0,1,0,1,0,1,0,1,0,1,0.475,0.44,0.533333333333333,0.518736842105263,0.523976608187134,0.00927875243664717
D12649.1,2489,T,A,0/1,0/1,0/1,0/1,0/1,0/1,0/1,0/1,0/1,0/1,0/0,0/1,0/1,0/1,0/1,0/1,0/1,0/1,0/1,0/1,0,1,0,1,0,1,0,1,0,1,0,1,0,1,0,1,0,1,0,1,0,0,0,1,0,1,0,1,0,1,0,1,0,1,0,1,0,1,0,1,0.475,0.44,0.533333333333333,0.518736842105263,0.523976608187134,0.00927875243664717
D12649.1,2540,G,A,0/1,0/1,0/1,0/1,0/1,0/1,0/1,0/1,0/1,0/1,0/0,0/1,0/1,0/1,0/1,0/1,0/1,0/1,0/1,0/1,0,1,0,1,0,1,0,1,0,1,0,1,0,1,0,1,0,1,0,1,0,0,0,1,0,1,0,1,0,1,0,1,0,1,0,1,0,1,0,1,0.475,0.44,0.533333333333333,0.518736842105263,0.523976608187134,0.00927875243664717
D12649.1,2612,C,G,0/1,0/1,0/1,0/1,0/1,0/1,0/1,0/1,0/1,0/1,0/0,0/1,0/1,0/1,0/1,0/1,0/1,0/1,0/1,0/1,0,1,0,1,0,1,0,1,0,1,0,1,0,1,0,1,0,1,0,1,0,0,0,1,0,1,0,1,0,1,0,1,0,1,0,1,0,1,0,1,0.475,0.44,0.533333333333333,0.518736842105263,0.523976608187134,0.00927875243664717
D12649.1,2654,G,A,0/1,0/1,0/1,0/1,0/1,0/1,0/1,0/1,0/1,0/1,0/0,0/1,0/1,0/1,0/1,0/1,0/1,0/1,0/1,0/1,0,1,0,1,0,1,0,1,0,1,0,1,0,1,0,1,0,1,0,1,0,0,0,1,0,1,0,1,0,1,0,1,0,1,0,1,0,1,0,1,0.475,0.44,0.533333333333333,0.518736842105263,0.523976608187134,0.00927875243664717
D12649.1,2682,A,T,0/1,0/1,0/1,0/1,0/1,0/1,0/1,0/1,0/1,0/1,0/0,0/1,0/1,0/1,0/1,0/1,0/1,0/1,0/1,0/1,0,1,0,1,0,1,0,1,0,1,0,1,0,1,0,1,0,1,0,1,0,0,0,1,0,1,0,1,0,1,0,1,0,1,0,1,0,1,0,1,0.475,0.44,0.533333333333333,0.518736842105263,0.523976608187134,0.00927875243664717
D12649.1,2774,G,T,0/1,0/1,0/1,0/1,0/1,0/1,0/1,0/1,0/1,0/1,0/0,0/1,0/1,0/1,0/1,0/1,0/1,0/1,0/1,0/1,0,1,0,1,0,1,0,1,0,1,0,1,0,1,0,1,0,1,0,1,0,0,0,1,0,1,0,1,0,1,0,1,0,1,0,1,0,1,0,1,0.475,0.44,0.533333333333333,0.518736842105263,0.523976608187134,0.00927875243664717
D12649.1,2804,C,G,0/0,0/0,0/0,0/0,0/0,0/0,0/0,0/0,0/0,0/0,0/1,0/0,0/0,0/0,0/0,0/0,0/0,0/0,0/0,0/0,0,0,0,0,0,0,0,0,0,0,0,0,0,0,0,0,0,0,0,0,0,1,0,0,0,0,0,0,0,0,0,0,0,0,0,0,0,0,0,0,0.025,0.04,0,0.0808421052631579,0,0.0174358974358974
D12649.1,2821,T,G,0/1,0/1,0/1,0/1,0/1,0/1,0/1,0/1,0/1,0/1,0/0,0/1,0/1,0/1,0/1,0/1,0/1,0/1,0/1,0/1,0,1,0,1,0,1,0,1,0,1,0,1,0,1,0,1,0,1,0,1,0,0,0,1,0,1,0,1,0,1,0,1,0,1,0,1,0,1,0,1,0.475,0.44,0.533333333333333,0.518736842105263,0.523976608187134,0.00927875243664717
D12649.1,2857,T,C,0/0,0/0,0/0,0/0,0/0,0/0,0/0,0/0,0/0,0/0,1/1,0/0,0/0,0/0,0/0,0/0,0/0,0/0,0/0,0/0,0,0,0,0,0,0,0,0,0,0,0,0,0,0,0,0,0,0,0,0,1,1,0,0,0,0,0,0,0,0,0,0,0,0,0,0,0,0,0,0,0.05,0.08,0,0.154947368421053,0,0.0357894736842105
D12649.1,2911,A,G,0/0,0/0,0/0,0/0,0/0,0/0,0/0,0/0,0/0,0/0,1/1,0/0,0/0,0/0,0/0,0/0,0/0,0/0,0/0,0/0,0,0,0,0,0,0,0,0,0,0,0,0,0,0,0,0,0,0,0,0,1,1,0,0,0,0,0,0,0,0,0,0,0,0,0,0,0,0,0,0,0.05,0.08,0,0.154947368421053,0,0.0357894736842105
D12649.1,2955,A,C,0/1,0/1,0/1,0/1,0/1,0/1,0/1,0/1,0/1,0/1,0/0,0/1,0/1,0/1,0/1,0/1,0/1,0/1,0/1,0/1,0,1,0,1,0,1,0,1,0,1,0,1,0,1,0,1,0,1,0,1,0,0,0,1,0,1,0,1,0,1,0,1,0,1,0,1,0,1,0,1,0.475,0.44,0.533333333333333,0.518736842105263,0.523976608187134,0.00927875243664717
D12649.1,2957,G,A,0/0,0/0,0/0,0/0,0/0,0/0,0/0,0/0,0/0,0/0,0/1,0/0,0/0,0/0,0/0,0/0,0/0,0/0,0/0,0/0,0,0,0,0,0,0,0,0,0,0,0,0,0,0,0,0,0,0,0,0,0,1,0,0,0,0,0,0,0,0,0,0,0,0,0,0,0,0,0,0,0.025,0.04,0,0.0808421052631579,0,0.0174358974358974
D12649.1,3015,A,G,0/1,0/1,0/1,0/1,0/1,0/1,0/1,0/1,0/1,0/1,0/0,0/1,0/1,0/1,0/1,0/1,0/1,0/1,0/1,0/1,0,1,0,1,0,1,0,1,0,1,0,1,0,1,0,1,0,1,0,1,0,0,0,1,0,1,0,1,0,1,0,1,0,1,0,1,0,1,0,1,0.475,0.44,0.533333333333333,0.518736842105263,0.523976608187134,0.00927875243664717
D12649.1,3089,C,A,0/1,0/1,0/1,0/1,0/1,0/1,0/1,0/1,0/1,0/1,0/0,0/1,0/1,0/1,0/1,0/1,0/1,0/1,0/1,0/1,0,1,0,1,0,1,0,1,0,1,0,1,0,1,0,1,0,1,0,1,0,0,0,1,0,1,0,1,0,1,0,1,0,1,0,1,0,1,0,1,0.475,0.44,0.533333333333333,0.518736842105263,0.523976608187134,0.00927875243664717
D12649.1,3094,T,G,0/0,0/0,0/0,0/0,0/0,0/0,0/0,0/0,0/0,0/0,1/1,0/0,0/0,0/0,0/0,0/0,0/0,0/0,0/0,0/0,0,0,0,0,0,0,0,0,0,0,0,0,0,0,0,0,0,0,0,0,1,1,0,0,0,0,0,0,0,0,0,0,0,0,0,0,0,0,0,0,0.05,0.08,0,0.154947368421053,0,0.0357894736842105
D12649.1,3137,C,T,0/0,0/0,0/0,0/0,0/0,0/0,0/0,0/0,0/0,0/0,1/1,0/0,0/0,0/0,0/0,0/0,0/0,0/0,0/0,0/0,0,0,0,0,0,0,0,0,0,0,0,0,0,0,0,0,0,0,0,0,1,1,0,0,0,0,0,0,0,0,0,0,0,0,0,0,0,0,0,0,0.05,0.08,0,0.154947368421053,0,0.0357894736842105
D12649.1,3206,G,C,0/1,0/1,0/1,0/1,0/1,0/1,0/1,0/1,0/1,0/1,0/0,0/1,0/1,0/1,0/1,0/1,0/1,0/1,0/1,0/1,0,1,0,1,0,1,0,1,0,1,0,1,0,1,0,1,0,1,0,1,0,0,0,1,0,1,0,1,0,1,0,1,0,1,0,1,0,1,0,1,0.475,0.44,0.533333333333333,0.518736842105263,0.523976608187134,0.00927875243664717
D12649.1,3342,G,A,0/0,0/0,0/0,0/0,0/0,0/0,0/0,0/0,0/0,0/0,0/1,0/0,0/0,0/0,0/0,0/0,0/0,0/0,0/0,0/0,0,0,0,0,0,0,0,0,0,0,0,0,0,0,0,0,0,0,0,0,0,1,0,0,0,0,0,0,0,0,0,0,0,0,0,0,0,0,0,0,0.025,0.04,0,0.0808421052631579,0,0.0174358974358974
D12649.1,3413,T,C,0/0,0/0,0/0,0/0,0/0,0/0,0/0,0/0,0/0,0/0,0/1,0/0,0/0,0/0,0/0,0/0,0/0,0/0,0/0,0/0,0,0,0,0,0,0,0,0,0,0,0,0,0,0,0,0,0,0,0,0,0,1,0,0,0,0,0,0,0,0,0,0,0,0,0,0,0,0,0,0,0.025,0.04,0,0.0808421052631579,0,0.0174358974358974
D12649.1,3499,A,T,0/0,0/0,0/0,0/0,0/0,0/0,0/0,0/0,0/0,0/0,1/1,0/0,0/0,0/0,0/0,0/0,0/0,0/0,0/0,0/0,0,0,0,0,0,0,0,0,0,0,0,0,0,0,0,0,0,0,0,0,1,1,0,0,0,0,0,0,0,0,0,0,0,0,0,0,0,0,0,0,0.05,0.08,0,0.154947368421053,0,0.0357894736842105
D12649.1,3614,T,A,1/1,1/1,1/1,1/1,1/1,1/1,1/1,1/1,1/1,1/1,0/0,1/1,1/1,1/1,1/1,1/1,1/1,1/1,1/1,1/1,1,1,1,1,1,1,1,1,1,1,1,1,1,1,1,1,1,1,1,1,0,0,1,1,1,1,1,1,1,1,1,1,1,1,1,1,1,1,1,1,0.95,0.92,1,0.154947368421053,0,0.0357894736842105
D12649.1,3703,A,C,0/0,0/0,0/0,0/0,0/0,0/0,0/0,0/0,0/0,0/0,1/1,0/0,0/0,0/0,0/0,0/0,0/0,0/0,0/0,0/0,0,0,0,0,0,0,0,0,0,0,0,0,0,0,0,0,0,0,0,0,1,1,0,0,0,0,0,0,0,0,0,0,0,0,0,0,0,0,0,0,0.05,0.08,0,0.154947368421053,0,0.0357894736842105
D12649.1,4046,G,T,0/1,0/1,0/1,0/1,0/1,0/1,0/1,0/1,0/1,0/1,0/0,0/1,0/1,0/1,0/1,0/1,0/1,0/1,0/1,0/1,0,1,0,1,0,1,0,1,0,1,0,1,0,1,0,1,0,1,0,1,0,0,0,1,0,1,0,1,0,1,0,1,0,1,0,1,0,1,0,1,0.475,0.44,0.533333333333333,0.518736842105263,0.523976608187134,0.00927875243664717
D12649.1,4076,A,G,0/1,0/1,0/1,0/1,0/1,0/1,0/1,0/1,0/1,0/1,0/0,0/1,0/1,0/1,0/1,0/1,0/1,0/1,0/1,0/1,0,1,0,1,0,1,0,1,0,1,0,1,0,1,0,1,0,1,0,1,0,0,0,1,0,1,0,1,0,1,0,1,0,1,0,1,0,1,0,1,0.475,0.44,0.533333333333333,0.518736842105263,0.523976608187134,0.00927875243664717
D12649.1,4114,G,C,0/0,0/0,0/0,0/0,0/0,0/0,0/0,0/0,0/0,0/0,0/1,0/0,0/0,0/0,0/0,0/0,0/0,0/0,0/0,0/0,0,0,0,0,0,0,0,0,0,0,0,0,0,0,0,0,0,0,0,0,0,1,0,0,0,0,0,0,0,0,0,0,0,0,0,0,0,0,0,0,0.025,0.04,0,0.0808421052631579,0,0.0174358974358974
D12649.1,4117,A,G,0/1,0/1,0/1,0/1,0/1,0/1,0/1,0/1,0/1,0/1,0/0,0/1,0/1,0/1,0/1,0/1,0/1,0/1,0/1,0/1,0,1,0,1,0,1,0,1,0,1,0,1,0,1,0,1,0,1,0,1,0,0,0,1,0,1,0,1,0,1,0,1,0,1,0,1,0,1,0,1,0.475,0.44,0.533333333333333,0.518736842105263,0.523976608187134,0.00927875243664717
D12649.1,4130,C,G,0/0,0/0,0/0,0/0,0/0,0/0,0/0,0/0,0/0,0/0,1/1,0/0,0/0,0/0,0/0,0/0,0/0,0/0,0/0,0/0,0,0,0,0,0,0,0,0,0,0,0,0,0,0,0,0,0,0,0,0,1,1,0,0,0,0,0,0,0,0,0,0,0,0,0,0,0,0,0,0,0.05,0.08,0,0.154947368421053,0,0.0357894736842105
D12649.1,4193,T,A,0/1,0/1,0/1,0/1,0/1,0/1,0/1,0/1,0/1,0/1,0/0,0/1,0/1,0/1,0/1,0/1,0/1,0/1,0/1,0/1,0,1,0,1,0,1,0,1,0,1,0,1,0,1,0,1,0,1,0,1,0,0,0,1,0,1,0,1,0,1,0,1,0,1,0,1,0,1,0,1,0.475,0.44,0.533333333333333,0.518736842105263,0.523976608187134,0.00927875243664717
D12649.1,4204,C,T,0/0,0/0,0/0,0/0,0/0,0/0,0/0,0/0,0/0,0/0,1/1,0/0,0/0,0/0,0/0,0/0,0/0,0/0,0/0,0/0,0,0,0,0,0,0,0,0,0,0,0,0,0,0,0,0,0,0,0,0,1,1,0,0,0,0,0,0,0,0,0,0,0,0,0,0,0,0,0,0,0.05,0.08,0,0.154947368421053,0,0.0357894736842105
D12649.1,4215,A,C,1/1,1/1,1/1,1/1,1/1,1/1,1/1,1/1,1/1,1/1,0/0,1/1,1/1,1/1,1/1,1/1,1/1,1/1,1/1,1/1,1,1,1,1,1,1,1,1,1,1,1,1,1,1,1,1,1,1,1,1,0,0,1,1,1,1,1,1,1,1,1,1,1,1,1,1,1,1,1,1,0.95,0.92,1,0.154947368421053,0,0.0357894736842105
D12649.1,4231,G,T,0/0,0/0,0/0,0/0,0/0,0/0,0/0,0/0,0/0,0/0,0/1,0/0,0/0,0/0,0/0,0/0,0/0,0/0,0/0,0/0,0,0,0,0,0,0,0,0,0,0,0,0,0,0,0,0,0,0,0,0,0,1,0,0,0,0,0,0,0,0,0,0,0,0,0,0,0,0,0,0,0.025,0.04,0,0.0808421052631579,0,0.0174358974358974
D12649.1,4256,T,A,1/1,1/1,1/1,1/1,1/1,1/1,1/1,1/1,1/1,1/1,0/0,1/1,1/1,1/1,1/1,1/1,1/1,1/1,1/1,1/1,1,1,1,1,1,1,1,1,1,1,1,1,1,1,1,1,1,1,1,1,0,0,1,1,1,1,1,1,1,1,1,1,1,1,1,1,1,1,1,1,0.95,0.92,1,0.154947368421053,0,0.0357894736842105
D12649.1,4311,T,A,0/0,0/0,0/0,0/0,0/0,0/0,0/0,0/0,0/0,0/0,0/1,0/0,0/0,0/0,0/0,0/0,0/0,0/0,0/0,0/0,0,0,0,0,0,0,0,0,0,0,0,0,0,0,0,0,0,0,0,0,0,1,0,0,0,0,0,0,0,0,0,0,0,0,0,0,0,0,0,0,0.025,0.04,0,0.0808421052631579,0,0.0174358974358974
D12649.1,4417,G,T,1/1,1/1,1/1,1/1,1/1,1/1,1/1,1/1,1/1,1/1,0/0,1/1,1/1,1/1,1/1,1/1,1/1,1/1,1/1,1/1,1,1,1,1,1,1,1,1,1,1,1,1,1,1,1,1,1,1,1,1,0,0,1,1,1,1,1,1,1,1,1,1,1,1,1,1,1,1,1,1,0.95,0.92,1,0.154947368421053,0,0.0357894736842105
D12649.1,4426,C,A,0/1,0/1,0/1,0/1,0/1,0/1,0/1,0/1,0/1,0/1,0/0,0/1,0/1,0/1,0/1,0/1,0/1,0/1,0/1,0/1,0,1,0,1,0,1,0,1,0,1,0,1,0,1,0,1,0,1,0,1,0,0,0,1,0,1,0,1,0,1,0,1,0,1,0,1,0,1,0,1,0.475,0.44,0.533333333333333,0.518736842105263,0.523976608187134,0.00927875243664717
